step,train_loss,val_loss,lr,time_s
1,4.185822,3.605093,0.0003,6.719
50,2.753325,2.492860,0.0003,84.480
100,2.405488,2.343795,0.0003,171.743
150,2.259403,2.199169,0.0003,253.780
200,2.106167,2.059669,0.0003,339.776
250,1.927874,1.814512,0.0003,466.465
300,1.702863,1.580922,0.0003,590.040
